title,price,mileage,location
2025 Alfa Romeo Tonale Base,"$49,380",N/A,Rairdon's Alfa Romeo Maserati and Fiat of Kirkland
2025 Polestar 3,"$75,700",N/A,Polestar Bellevue
2024 Polestar 3,"$85,700",N/A,Polestar Bellevue
2024 Polestar 3,"$84,400",N/A,Polestar Bellevue
2024 Polestar 3,"$91,700",N/A,Polestar Bellevue
2025 Alfa Romeo Tonale Base,"$44,430",N/A,Rairdon's Alfa Romeo Maserati and Fiat of Kirkland
2024 Polestar 3,"$78,900",N/A,Polestar Bellevue
2025 Polestar 3,"$86,900",N/A,Polestar Bellevue
2025 Polestar 3,"$90,400",N/A,Polestar Bellevue
2024 Polestar 3,"$86,200",N/A,Polestar Bellevue
2025 Mercedes-Benz AMG GLB 35 4MATIC,"$68,700",N/A,Mercedes-Benz of Bellevue
2024 Ford Transit-350 Base,"$55,288",N/A,Kendall Ford of Marysville
2025 Mercedes-Benz EQE 350 4MATIC,"$83,035",N/A,Mercedes-Benz of Lynnwood
2025 Mercedes-Benz EQE 350 4MATIC,"$86,895",N/A,Mercedes-Benz of Lynnwood
2025 Polestar 3,"$81,900",N/A,Polestar Bellevue
2025 Polestar 3,"$80,600",N/A,Polestar Bellevue
2025 Polestar 3,"$80,600",N/A,Polestar Bellevue
2025 Polestar 3,"$85,400",N/A,Polestar Bellevue
2025 Polestar 3,"$81,500",N/A,Polestar Bellevue
2025 Alfa Romeo Tonale EAWD,"$55,125",N/A,Alfa Romeo of Seattle
2024 Alfa Romeo Stelvio Quadrifoglio,"$92,070",N/A,Maserati Alfa Romeo of Seattle
2025 Polestar 3,"$82,200",N/A,Polestar Bellevue
2025 Polestar 3,"$80,600",N/A,Polestar Bellevue
2025 Polestar 3,"$81,900",N/A,Polestar Bellevue
2024 Polestar 3,"$80,200",N/A,Polestar Bellevue
2025 Polestar 3,"$80,600",N/A,Polestar Bellevue
2025 Polestar 3,"$85,400",N/A,Polestar Bellevue
2025 Polestar 3,"$80,600",N/A,Polestar Bellevue
2024 Polestar 3,"$91,700",N/A,Polestar Bellevue
2025 Polestar 3,"$80,600",N/A,Polestar Bellevue
2024 Ford Transit-350 Base,"$46,993",N/A,Kendall Ford of Marysville
2025 Mercedes-Benz EQE 350 4MATIC,"$84,375",N/A,Mercedes-Benz of Lynnwood
2024 Polestar 3,"$91,700",N/A,Polestar Bellevue
2024 Polestar 3,"$86,200",N/A,Polestar Bellevue
2025 Ford Transit-350 Base,"$69,850",N/A,AutoNation Ford Bellevue
2024 Polestar 3,"$91,700",N/A,Polestar Bellevue
2024 Ford Transit-350 Base,"$58,357",N/A,Kendall Ford of Marysville
2025 Mercedes-Benz CLE 450 4MATIC,"$72,595",N/A,Mercedes-Benz of Lynnwood
2025 Polestar 3,"$75,500",N/A,Polestar Bellevue
2026 BMW 840 i xDrive,"$99,454",N/A,BMW Seattle
2024 Polestar 3,"$86,200",N/A,Polestar Bellevue
2024 Polestar 3,"$88,000",N/A,Polestar Bellevue
2025 Polestar 3,"$80,600",N/A,Polestar Bellevue
2025 Polestar 3,"$86,200",N/A,Polestar Bellevue
2025 Polestar 3,"$86,700",N/A,Polestar Bellevue
2025 Mercedes-Benz GLE 450e 4MATIC,"$83,370",N/A,Mercedes-Benz of Bellevue
2025 Polestar 3,"$86,900",N/A,Polestar Bellevue
2025 Polestar 3,"$91,700",N/A,Polestar Bellevue
2025 Polestar 3,"$91,700",N/A,Polestar Bellevue
2025 Polestar 3,"$86,900",N/A,Polestar Bellevue
2025 Hyundai SANTA CRUZ Limited,"$41,314",N/A,Lee Johnson Hyundai of Everett
2025 Mercedes-Benz AMG GLB 35 4MATIC,"$67,950",N/A,Mercedes-Benz of Bellevue
2024 Polestar 3,"$91,700",N/A,Polestar Bellevue
2025 Polestar 3,"$92,000",N/A,Polestar Bellevue
2025 Polestar 3,"$82,200",N/A,Polestar Bellevue
2025 Polestar 3,"$85,600",N/A,Polestar Bellevue
2025 Polestar 3,"$86,900",N/A,Polestar Bellevue
2025 Polestar 3,"$80,600",N/A,Polestar Bellevue
2025 Polestar 3,"$86,900",N/A,Polestar Bellevue
2025 Polestar 3,"$85,600",N/A,Polestar Bellevue
2025 Mercedes-Benz AMG GLE 63 S 4MATIC+,"$134,845",N/A,Mercedes-Benz of Bellevue
2025 Polestar 3,"$87,000",N/A,Polestar Bellevue
2025 Toyota Land Cruiser 1958,"$57,936",N/A,Marysville Toyota
2024 Ford Transit-350 Base,"$63,744",N/A,Kendall Ford of Marysville
2025 Polestar 3,"$87,000",N/A,Polestar Bellevue
2025 Polestar 3,"$81,400",N/A,Polestar Bellevue
2025 Mercedes-Benz AMG GT 55 C,"$160,405",N/A,Mercedes-Benz of Bellevue
2024 Polestar 3,"$86,200",N/A,Polestar Bellevue
2025 Polestar 3,"$80,600",N/A,Polestar Bellevue
2025 Polestar 3,"$85,600",N/A,Polestar Bellevue
2024 Polestar 3,"$86,200",N/A,Polestar Bellevue
2024 Ford Transit-350 Base,"$56,712",N/A,Kendall Ford of Marysville
2024 Ford Transit-350 Base,"$58,789",N/A,Kendall Ford of Marysville
2024 Ford Transit-350 Base,"$55,190",N/A,Kendall Ford of Marysville
2024 Ford Transit-350 Base,"$52,085",N/A,Kendall Ford of Marysville
2024 Ford Transit-350 Base,"$54,964",N/A,Kendall Ford of Marysville
2024 Ford Transit-350 Base,"$58,982",N/A,Kendall Ford of Marysville
2024 Ford Transit-350 Base,"$58,357",N/A,Kendall Ford of Marysville
2024 Ford Transit-350 Base,"$55,565",N/A,Pierre Ford Lincoln of Lynnwood
2025 Lexus RX 350h F SPORT Design,Not Priced,N/A,Lexus of Seattle
2024 Ford Transit-350 Base,"$53,499",N/A,Pierre Ford Lincoln of Lynnwood
2025 Lexus LS 500 Base,Not Priced,N/A,Lexus of Seattle
2025 Polestar 3,"$81,900",N/A,Polestar Bellevue
2025 Mercedes-Benz GLE 450e 4MATIC,"$78,045",N/A,Mercedes-Benz of Bellevue
2025 Polestar 3,"$91,700",N/A,Polestar Bellevue
2024 Ford Transit-350 Base,"$58,357",N/A,Kendall Ford of Marysville
2024 Ford Transit-350 Base,"$47,761",N/A,Kendall Ford of Marysville
2024 Ford Transit-350 Base,"$58,286",N/A,Kendall Ford of Marysville
2025 Ford Transit-350 Base,"$58,905",N/A,Kendall Ford of Marysville
2024 Ford Transit-350 Base,"$55,288",N/A,Kendall Ford of Marysville
2025 Hyundai ELANTRA N Base,"$36,781",N/A,Seattle Hyundai
2024 Ford Transit-350 Base,"$52,640",N/A,Pierre Ford of Seattle
2024 Polestar 3,"$85,700",N/A,Polestar Bellevue
2025 Polestar 3,"$67,500",N/A,Polestar Bellevue
2025 Ford Transit-350 Base,"$53,335",N/A,Kendall Ford of Marysville
2025 Ford Transit-350 Base,"$61,355",N/A,Sound Ford
